{"cameraMode":{"drawMode":0,"name":"Shaded","section":"Shading Mode"},"sceneLighting":true,"audioPlay":false,"sceneViewState":{"showFog":true,"showMaterialUpdate":false,"showSkybox":true,"showFlares":true,"showImageEffects":true,"showParticleSystems":true},"in2DMode":false,"pivot":{"x":1.582864761352539,"y":-0.5244789123535156,"z":3.9085097312927248},"rotation":{"x":0.17482957243919373,"y":0.18083015084266663,"z":-0.032683271914720538,"w":0.9672999382019043},"size":6.0623626708984379,"orthographic":false}